name,handedness,height,weight,avg,HR
Tom Brown,Right Handed, 73, 170, 0.0, 0
Denny Lemaster,Right Handed, 73, 182, 0.130, 4
Joe Nolan,Left Handed, 71, 175, 0.263, 27
Denny Doyle,Left Handed, 69, 175, 0.250, 16
Jose Cardenal,Right Handed, 70, 150, 0.275, 138
Mike Ryan,Right Handed, 74, 205, 0.193, 28
Fritz Peterson,Both Handed, 72, 185, 0.159, 2
Dick Bertell,Right Handed, 72, 200, 0.250, 10
Rod Kanehl,Right Handed, 73, 180, 0.241, 6
Ozzie Osborn,Right Handed, 74, 195, 0.0, 0
John LaRose,Left Handed, 73, 185, 0.0, 0
Jeff Byrd,Right Handed, 75, 195, 0.0, 0
Juan Bonilla,Right Handed, 69, 170, 0.256, 7
Frank Tepedino,Left Handed, 71, 185, 0.241, 6
Jerry Kutzler,Left Handed, 73, 175, 0.0, 0
Rick Wise,Right Handed, 73, 180, 0.195, 15
Darrell Evans,Left Handed, 74, 200, 0.248, 414
Buck Martinez,Right Handed, 70, 190, 0.225, 58
John Wockenfuss,Right Handed, 72, 190, 0.262, 86
Tommy McCraw,Left Handed, 72, 183, 0.246, 75
Jeff Barkley,Both Handed, 75, 185, 0.0, 0
Eric Wilkins,Right Handed, 73, 190, 0.0, 0
Britt Burns,Left Handed, 77, 215, 0.0, 0
Lee Lacy,Right Handed, 73, 175, 0.286, 91
Pete Rose,Both Handed, 71, 192, 0.303, 160
Danny Walton,Right Handed, 72, 195, 0.223, 28
Bobby Cox,Right Handed, 71, 180, 0.225, 9
Brad Wellman,Right Handed, 72, 170, 0.231, 6
Jeff Newman,Right Handed, 74, 215, 0.224, 63
Pedro Gonzalez,Right Handed, 72, 176, 0.244, 8
Nardi Contreras,Both Handed, 74, 193, 0.0, 0
Tommie Reynolds,Right Handed, 74, 190, 0.226, 12
Gene Clines,Right Handed, 69, 170, 0.277, 5
Jim Hickman,Right Handed, 75, 192, 0.252, 159
Jack Billingham,Right Handed, 76, 195, 0.111, 0
Jerry Buchek,Right Handed, 71, 185, 0.220, 22
Ivan DeJesus,Right Handed, 71, 175, 0.254, 21
Gary Nolan,Right Handed, 74, 197, 0.138, 1
Gil Patterson,Right Handed, 73, 185, 0.0, 0
Fred Whitfield,Left Handed, 73, 190, 0.253, 108
Larry Dierker,Right Handed, 76, 215, 0.136, 4
Dave Skaggs,Right Handed, 74, 200, 0.241, 3
Dick Ruthven,Right Handed, 75, 190, 0.183, 1
Jerry Garvin,Left Handed, 75, 195, 0.0, 0
Steve Eddy,Right Handed, 74, 185, 0.0, 0
Dave Kingman,Right Handed, 78, 210, 0.236, 442
Eric Soderholm,Right Handed, 71, 187, 0.264, 102
Kevin Mmahat,Left Handed, 77, 220, 0.0, 0
Ed Brinkman,Right Handed, 72, 170, 0.224, 60
Wayne Garrett,Left Handed, 71, 175, 0.239, 61
Tony Muser,Left Handed, 74, 180, 0.259, 7
Jim Siwy,Right Handed, 76, 200, 0.0, 0
Bud Anderson,Right Handed, 75, 210, 0.0, 0
Ted Ford,Right Handed, 70, 180, 0.219, 17
Kevin Stanfield,Left Handed, 72, 190, 0.0, 0
Jim Lyttle,Left Handed, 72, 180, 0.248, 9
John Butcher,Right Handed, 76, 185, 0.0, 0
Jerry Ujdur,Right Handed, 73, 195, 0.0, 0
Scot Thompson,Left Handed, 75, 195, 0.262, 5
Gene Locklear,Left Handed, 70, 165, 0.274, 9
Bo Diaz,Right Handed, 71, 185, 0.255, 87
Bump Wills,Both Handed, 69, 172, 0.266, 36
Brian Denman,Right Handed, 76, 205, 0.0, 0
Pat Putnam,Left Handed, 72, 205, 0.255, 63
Kurt Bevacqua,Right Handed, 72, 180, 0.236, 27
Bob Fallon,Left Handed, 75, 200, 0.0, 0
Syd O'Brien,Right Handed, 73, 185, 0.230, 24
Chris Chambliss,Left Handed, 73, 195, 0.279, 185
Tom Satriano,Left Handed, 73, 185, 0.225, 21
Jeffrey Leonard,Right Handed, 74, 200, 0.266, 144
Dal Maxvill,Right Handed, 71, 157, 0.217, 6
Steve Curry,Right Handed, 78, 217, 0.0, 0
Cesar Tovar,Right Handed, 69, 155, 0.278, 46
Mickey Lolich,Both Handed, 73, 170, 0.110, 0
Ray Chadwick,Both Handed, 74, 180, 0.0, 0
Jack Heidemann,Right Handed, 72, 175, 0.211, 9
Rich Rollins,Right Handed, 70, 185, 0.269, 77
Walt Bond,Left Handed, 79, 228, 0.256, 41
Merv Rettenmund,Right Handed, 70, 190, 0.271, 66
Bryan Clutterbuck,Right Handed, 76, 223, 0.0, 0
Byron Browne,Right Handed, 74, 190, 0.236, 30
Hector Torres,Right Handed, 72, 175, 0.216, 18
Walt Williams,Right Handed, 66, 165, 0.270, 33
Jerry Koosman,Right Handed, 74, 205, 0.119, 2
Steve Lombardozzi,Right Handed, 72, 175, 0.233, 20
Joe Azcue,Right Handed, 72, 190, 0.252, 50
Elliott Maddox,Right Handed, 71, 180, 0.261, 18
Omar Moreno,Left Handed, 74, 180, 0.252, 37
Julian Javier,Right Handed, 73, 175, 0.257, 78
Tony Ferreira,Left Handed, 73, 160, 0.0, 0
Elio Chacon,Right Handed, 69, 160, 0.232, 4
Rusty Torres,Both Handed, 70, 175, 0.212, 35
John Stearns,Right Handed, 72, 185, 0.260, 46
Larry Brown,Right Handed, 70, 160, 0.233, 47
Tommy Dean,Right Handed, 72, 165, 0.180, 4
Bryan Oelkers,Left Handed, 75, 192, 0.0, 0
Kevin Bearse,Left Handed, 74, 195, 0.0, 0
Marty Martinez,Both Handed, 72, 170, 0.243, 0
Bruce Boisclair,Left Handed, 74, 185, 0.263, 10
Ken Singleton,Both Handed, 76, 210, 0.282, 246
Frank White,Right Handed, 71, 165, 0.255, 160
Jim Fairey,Left Handed, 70, 190, 0.235, 7
Jose Roman,Right Handed, 72, 175, 0.0, 0
Tom Brookens,Right Handed, 70, 165, 0.246, 71
Gary Thomasson,Left Handed, 73, 180, 0.249, 61
Mike Trujillo,Right Handed, 73, 180, 0.0, 0
Albert Williams,Right Handed, 76, 190, 0.0, 0
Oswaldo Peraza,Right Handed, 76, 172, 0.0, 0
Otto Velez,Right Handed, 72, 170, 0.251, 78
Tony Scott,Both Handed, 72, 164, 0.249, 17
Ray Oyler,Right Handed, 71, 165, 0.175, 15
Barry Cort,Right Handed, 77, 210, 0.0, 0
Floyd Robinson,Left Handed, 69, 175, 0.283, 67
Steve Jeltz,Both Handed, 71, 180, 0.210, 5
Lou Brock,Left Handed, 71, 170, 0.293, 149
Bill Wilkinson,Right Handed, 70, 160, 0.0, 0
Joe Lovitto,Both Handed, 72, 185, 0.216, 4
Mike Loynd,Right Handed, 76, 210, 0.0, 0
Wayne Comer,Right Handed, 70, 175, 0.229, 16
Dave Collins,Both Handed, 71, 175, 0.272, 32
Ed Spiezio,Right Handed, 71, 180, 0.238, 39
Rico Petrocelli,Right Handed, 72, 175, 0.251, 210
Johnny Lewis,Left Handed, 73, 189, 0.227, 22
Dick Simpson,Right Handed, 76, 176, 0.207, 15
Ken Boswell,Left Handed, 72, 170, 0.248, 31
Ken McMullen,Right Handed, 75, 190, 0.248, 156
Randy Scarbery,Both Handed, 73, 185, 0.0, 0
Steve Swisher,Right Handed, 74, 205, 0.216, 20
Ben Callahan,Right Handed, 79, 230, 0.0, 0
Dick Howser,Right Handed, 68, 155, 0.248, 16
Manny Castillo,Both Handed, 69, 160, 0.242, 3
Mike Ramsey,Both Handed, 73, 170, 0.240, 2
Willie Crawford,Left Handed, 73, 197, 0.268, 86
Bobby Cuellar,Right Handed, 71, 188, 0.0, 0
Willie Norwood,Right Handed, 72, 185, 0.242, 18
Mike Jones,Left Handed, 78, 215, 0.0, 0
Jeff Stone,Left Handed, 72, 175, 0.277, 11
Ramon Manon,Right Handed, 72, 150, 0.0, 0
Joe Lahoud,Left Handed, 73, 198, 0.223, 65
Tim Flannery,Left Handed, 71, 175, 0.255, 9
Dave McKay,Both Handed, 73, 195, 0.229, 21
John Trautwein,Right Handed, 75, 205, 0.0, 0
Andy Replogle,Right Handed, 77, 205, 0.0, 0
Zach Crouch,Left Handed, 75, 180, 0.0, 0
Benny Ayala,Right Handed, 73, 185, 0.251, 38
Ron Romanick,Right Handed, 76, 195, 0.0, 0
Greg Gross,Left Handed, 70, 160, 0.287, 7
Bruce Tanner,Left Handed, 75, 220, 0.0, 0
Sal Butera,Right Handed, 72, 190, 0.227, 8
Jack Brohamer,Left Handed, 70, 165, 0.245, 30
Von Joshua,Left Handed, 70, 170, 0.273, 30
Eddie Milner,Left Handed, 71, 173, 0.253, 42
Johnny Jeter,Right Handed, 73, 180, 0.244, 18
Angel Salazar,Right Handed, 72, 180, 0.212, 2
Tony Oliva,Left Handed, 73, 175, 0.304, 220
Cito Gaston,Right Handed, 75, 190, 0.256, 91
Cookie Rojas,Right Handed, 70, 160, 0.263, 54
Rich Morales,Right Handed, 71, 170, 0.195, 6
Dave Ford,Right Handed, 76, 190, 0.0, 0
Dan Ford,Right Handed, 73, 185, 0.270, 121
Barry Raziano,Both Handed, 70, 175, 0.0, 0
Darryl Motley,Right Handed, 69, 196, 0.243, 44
Ozzie Virgil,Right Handed, 73, 180, 0.243, 98
Johnny Oates,Left Handed, 71, 188, 0.250, 14
Pat Underwood,Left Handed, 72, 175, 0.0, 0
Mike Phillips,Left Handed, 72, 170, 0.240, 11
Ron Santo,Right Handed, 72, 190, 0.277, 342
Jay Johnstone,Left Handed, 73, 175, 0.267, 102
Jim Ray Hart,Right Handed, 71, 185, 0.278, 170
Marc Hill,Right Handed, 75, 205, 0.223, 34
Joel McKeon,Left Handed, 72, 185, 0.0, 0
Danny Fife,Right Handed, 75, 175, 0.0, 0
Chico Salmon,Right Handed, 70, 160, 0.249, 31
Joe Niekro,Right Handed, 73, 185, 0.156, 1
Andy Etchebarren,Right Handed, 73, 190, 0.235, 49
Ken Berry,Right Handed, 72, 175, 0.255, 58
Dave Concepcion,Right Handed, 74, 155, 0.267, 101
Junior Moore,Right Handed, 71, 185, 0.264, 7
Mike Richardt,Right Handed, 72, 170, 0.226, 4
Chris Brown,Right Handed, 72, 185, 0.269, 38
Al Bumbry,Left Handed, 68, 170, 0.281, 54
Al Downing,Right Handed, 71, 175, 0.127, 2
Bob Didier,Both Handed, 72, 190, 0.229, 0
Jake Gibbs,Left Handed, 72, 180, 0.233, 25
Garry Hancock,Left Handed, 72, 175, 0.247, 12
Ed Kranepool,Left Handed, 75, 205, 0.261, 118
Rick Rhoden,Right Handed, 75, 195, 0.238, 9
Denny McLain,Right Handed, 73, 185, 0.133, 1
Chuck Hiller,Left Handed, 71, 170, 0.243, 20
Jorge Orta,Left Handed, 70, 170, 0.278, 130
Dave Cash,Right Handed, 71, 170, 0.283, 21
Bucky Dent,Right Handed, 69, 170, 0.247, 40
Andy Beene,Right Handed, 75, 205, 0.0, 0
Bruce Robbins,Left Handed, 73, 190, 0.0, 0
Tony Gonzalez,Left Handed, 69, 170, 0.286, 103
Leon Hooten,Right Handed, 71, 180, 0.0, 0
Larry Haney,Right Handed, 74, 195, 0.215, 12
Billy Conigliaro,Right Handed, 72, 180, 0.256, 40
Gary Roenicke,Right Handed, 75, 205, 0.247, 121
Don Lock,Right Handed, 74, 195, 0.238, 122
Billy Cowan,Right Handed, 72, 170, 0.236, 40
Billy Smith,Both Handed, 74, 185, 0.230, 17
Allan Ramirez,Right Handed, 70, 180, 0.0, 0
Tony Perez,Right Handed, 74, 175, 0.279, 379
Chuck Schilling,Right Handed, 70, 160, 0.239, 23
Hal McRae,Right Handed, 71, 180, 0.290, 191
Dave Roberts,Right Handed, 75, 215, 0.239, 49
Brian Allard,Right Handed, 73, 175, 0.0, 0
Jim Lefebvre,Both Handed, 72, 180, 0.251, 74
Fernando Arroyo,Right Handed, 74, 180, 0.0, 0
Gary Beare,Right Handed, 76, 205, 0.0, 0
Charlie Spikes,Right Handed, 75, 215, 0.246, 65
Brian Dubois,Left Handed, 70, 165, 0.0, 0
Steve Whitaker,Left Handed, 72, 180, 0.230, 24
Manny Jimenez,Left Handed, 73, 185, 0.272, 26
Chris Batton,Right Handed, 76, 195, 0.0, 0
Duffy Dyer,Right Handed, 72, 187, 0.221, 30
Ken Henderson,Both Handed, 74, 180, 0.257, 122
Vance Lovelace,Left Handed, 77, 205, 0.0, 0
Greg Thayer,Right Handed, 71, 182, 0.0, 0
Vern Fuller,Right Handed, 73, 170, 0.232, 14
Paul Hartzell,Right Handed, 77, 200, 0.0, 0
Wayne Gross,Left Handed, 74, 210, 0.233, 121
Mike Champion,Right Handed, 72, 185, 0.229, 2
Ralph Botting,Left Handed, 72, 195, 0.0, 0
Paul Casanova,Right Handed, 76, 180, 0.225, 50
Steve Rogers,Right Handed, 74, 175, 0.138, 0
Keith Creel,Right Handed, 74, 180, 0.0, 0
Terry Crowley,Left Handed, 72, 180, 0.250, 42
Horace Clarke,Both Handed, 69, 170, 0.256, 27
Lou Clinton,Right Handed, 73, 185, 0.247, 65
Larry Cox,Right Handed, 70, 178, 0.221, 12
Nate Colbert,Right Handed, 74, 190, 0.243, 173
Phil Roof,Right Handed, 74, 190, 0.215, 43
Chuck Hinton,Right Handed, 73, 180, 0.264, 113
Tim Cullen,Right Handed, 73, 185, 0.220, 9
Tim Harkness,Left Handed, 74, 182, 0.235, 14
Rick Bosetti,Right Handed, 71, 185, 0.250, 17
Ron Pruitt,Right Handed, 72, 185, 0.269, 12
George Foster,Right Handed, 73, 180, 0.274, 348
Jerry White,Both Handed, 70, 164, 0.253, 21
Angel Mangual,Right Handed, 70, 178, 0.245, 22
Ken Gerhart,Right Handed, 72, 190, 0.221, 24
Mike Hershberger,Right Handed, 70, 175, 0.252, 26
Jim French,Left Handed, 68, 180, 0.196, 5
Dave Roberts,Left Handed, 75, 195, 0.194, 7
Jim Mason,Left Handed, 74, 185, 0.203, 12
Mike Smith,Right Handed, 75, 180, 0.0, 0
Willie Smith,Left Handed, 72, 182, 0.248, 46
T.R. Bryden,Right Handed, 76, 190, 0.0, 0
Jose Arcia,Right Handed, 75, 170, 0.215, 1
Leon Durham,Left Handed, 73, 185, 0.277, 147
Tom Makowski,Right Handed, 71, 185, 0.0, 0
Paul Householder,Both Handed, 72, 180, 0.236, 29
Aurelio Rodriguez,Right Handed, 70, 180, 0.237, 124
Jimmy Stewart,Both Handed, 72, 165, 0.237, 8
Dick Phillips,Left Handed, 72, 180, 0.229, 12
Andres Thomas,Right Handed, 73, 170, 0.234, 42
Ed Crosby,Left Handed, 74, 175, 0.220, 0
Mike de la Hoz,Right Handed, 71, 175, 0.251, 25
Frank Taveras,Right Handed, 72, 155, 0.255, 2
Joe Nossek,Right Handed, 72, 178, 0.228, 3
Larry Stahl,Left Handed, 72, 175, 0.232, 36
Jose Cruz,Left Handed, 72, 170, 0.284, 165
Don Mason,Left Handed, 71, 160, 0.205, 3
Bill Robinson,Right Handed, 74, 189, 0.258, 166
Jim Umbarger,Left Handed, 78, 200, 0.0, 0
Sal Bando,Right Handed, 72, 195, 0.254, 242
George Mitterwald,Right Handed, 74, 195, 0.236, 76
Mike Darr,Right Handed, 76, 190, 0.0, 0
Craig Robinson,Right Handed, 70, 165, 0.219, 0
Bob Tillman,Right Handed, 76, 205, 0.232, 79
Curt Wardle,Left Handed, 77, 220, 0.0, 0
Pat Corrales,Right Handed, 72, 180, 0.216, 4
Mike Tyson,Right Handed, 69, 170, 0.241, 27
Rafael Landestoy,Both Handed, 70, 165, 0.237, 4
Duane Josephson,Right Handed, 72, 190, 0.258, 23
Duane Walker,Left Handed, 72, 185, 0.229, 24
Glenn Hubbard,Right Handed, 69, 150, 0.244, 70
Roger Freed,Right Handed, 72, 190, 0.245, 22
George Hendrick,Right Handed, 75, 195, 0.278, 267
Rod Carew,Left Handed, 72, 170, 0.328, 92
Bob Davis,Right Handed, 72, 180, 0.197, 6
Toby Harrah,Right Handed, 72, 175, 0.264, 195
Rick Manning,Left Handed, 73, 180, 0.257, 56
Israel Sanchez,Left Handed, 69, 170, 0.0, 0
Steve Burke,Both Handed, 74, 200, 0.0, 0
Gary Matthews,Right Handed, 74, 185, 0.281, 234
Cesar Geronimo,Left Handed, 72, 165, 0.258, 51
Billy Bryan,Left Handed, 76, 200, 0.216, 41
Terry Taylor,Right Handed, 73, 180, 0.0, 0
Terry Whitfield,Left Handed, 73, 197, 0.281, 33
Mario Mendoza,Right Handed, 71, 170, 0.215, 4
Fred Lynn,Left Handed, 73, 185, 0.283, 306
Larry Hisle,Right Handed, 74, 193, 0.273, 166
Graig Nettles,Left Handed, 72, 180, 0.248, 390
Randy Nosek,Right Handed, 76, 215, 0.0, 0
Dave Engle,Right Handed, 75, 210, 0.262, 31
Narciso Elvira,Left Handed, 70, 160, 0.0, 0
Mike Easler,Left Handed, 72, 190, 0.293, 118
Mark Smith,Right Handed, 74, 215, 0.0, 0
Paul Mitchell,Right Handed, 73, 195, 0.0, 0
Rick Sweet,Both Handed, 73, 200, 0.234, 6
Thurman Munson,Right Handed, 71, 190, 0.292, 113
Rick Monday,Left Handed, 75, 193, 0.264, 241
Mike Sadek,Right Handed, 69, 165, 0.226, 5
Mark Belanger,Right Handed, 73, 170, 0.228, 20
Ron Hunt,Right Handed, 72, 186, 0.273, 39
Joe Keough,Left Handed, 72, 185, 0.246, 9
Butch Edge,Right Handed, 75, 203, 0.0, 0
Vic Correll,Right Handed, 70, 185, 0.229, 29
Jackie Hernandez,Right Handed, 71, 165, 0.208, 12
Tony Solaita,Left Handed, 72, 210, 0.255, 50
U L Washington,Both Handed, 71, 175, 0.251, 27
Gary Mielke,Right Handed, 75, 185, 0.0, 0
Rick Henninger,Right Handed, 78, 225, 0.0, 0
Joe Foy,Right Handed, 72, 215, 0.248, 58
Ed Goodson,Left Handed, 75, 180, 0.260, 30
Mark Brown,Both Handed, 74, 190, 0.0, 0
Mickey Klutts,Right Handed, 71, 170, 0.241, 14
Leroy Stanton,Right Handed, 73, 195, 0.244, 77
Rafael Vasquez,Right Handed, 72, 160, 0.0, 0
Len Whitehouse,Left Handed, 71, 175, 0.0, 0
Danny Ainge,Right Handed, 76, 175, 0.220, 2
Adolfo Phillips,Right Handed, 73, 175, 0.247, 59
Marv Breeding,Right Handed, 72, 175, 0.250, 7
Steve Adkins,Right Handed, 78, 210, 0.0, 0
Dick McAuliffe,Left Handed, 71, 176, 0.247, 197
Joe Horlen,Right Handed, 72, 170, 0.134, 0
Glenn Burke,Right Handed, 72, 195, 0.237, 2
Tony Mack,Right Handed, 70, 177, 0.0, 0
Terry Humphrey,Right Handed, 75, 185, 0.211, 6
Bill Moran,Right Handed, 76, 210, 0.0, 0
Enzo Hernandez,Right Handed, 68, 155, 0.224, 2
Cesar Gutierrez,Right Handed, 69, 155, 0.235, 0
Coco Laboy,Right Handed, 70, 165, 0.233, 28
Ted Kubiak,Both Handed, 72, 175, 0.231, 13
Jim Morrison,Right Handed, 71, 175, 0.260, 112
Tom Gilles,Right Handed, 73, 185, 0.0, 0
Bobby Knoop,Right Handed, 73, 170, 0.236, 56
Bobby Brown,Both Handed, 74, 190, 0.245, 26
Tom Hutton,Left Handed, 71, 180, 0.248, 22
Ron Hodges,Left Handed, 73, 185, 0.240, 19
Rich Chiles,Left Handed, 71, 170, 0.254, 6
Tom Paciorek,Right Handed, 76, 215, 0.282, 86
Gary Woods,Right Handed, 74, 185, 0.243, 13
Bob Montgomery,Right Handed, 73, 195, 0.258, 23
Jeff Burroughs,Right Handed, 73, 200, 0.261, 240
Rusty Staub,Left Handed, 74, 190, 0.279, 292
Jim Norris,Left Handed, 70, 175, 0.264, 7
Oscar Gamble,Left Handed, 71, 160, 0.265, 200
Bob Kammeyer,Right Handed, 76, 210, 0.0, 0
George Vukovich,Left Handed, 72, 198, 0.268, 27
Joe Pactwa,Left Handed, 71, 185, 0.0, 0
Craig Reynolds,Left Handed, 73, 175, 0.256, 42
Paul Blair,Right Handed, 72, 168, 0.250, 134
Al Cowens,Right Handed, 73, 197, 0.270, 108
Al Oliver,Left Handed, 72, 195, 0.303, 219
Dave Hilton,Right Handed, 71, 191, 0.213, 6
Luis Alvarado,Right Handed, 69, 162, 0.214, 5
Larry Parrish,Right Handed, 75, 190, 0.263, 256
Woodie Fryman,Right Handed, 75, 197, 0.138, 2
Bob Randall,Right Handed, 74, 175, 0.257, 1
Jim Pankovits,Right Handed, 70, 170, 0.250, 9
Sherman Corbett,Left Handed, 76, 205, 0.0, 0
Carmen Fanzone,Right Handed, 72, 200, 0.224, 20
Gary Allenson,Right Handed, 71, 185, 0.221, 19
Milt May,Left Handed, 72, 190, 0.263, 77
Mike Vail,Right Handed, 73, 180, 0.279, 34
Nick Esasky,Right Handed, 75, 200, 0.250, 122
Jim Nettles,Left Handed, 72, 186, 0.220, 16
Lafayette Currence,Both Handed, 71, 175, 0.0, 0
Chris Cannizzaro,Right Handed, 72, 190, 0.235, 18
Larry Biittner,Left Handed, 74, 205, 0.273, 29
John Pawlowski,Right Handed, 74, 175, 0.0, 0
Mel Stottlemyre,Right Handed, 73, 178, 0.160, 7
Jack Hardy,Right Handed, 74, 175, 0.0, 0
Ron Musselman,Right Handed, 74, 185, 0.0, 0
Roy Smalley,Both Handed, 73, 185, 0.257, 163
Tony Chevez,Right Handed, 71, 177, 0.0, 0
Andy Messersmith,Right Handed, 73, 200, 0.170, 5
Richie Zisk,Right Handed, 73, 200, 0.287, 207
Dave Chalk,Right Handed, 70, 175, 0.252, 15
Don Baylor,Right Handed, 73, 190, 0.260, 338
John Vukovich,Right Handed, 73, 187, 0.161, 6
Danny Thompson,Right Handed, 72, 183, 0.248, 15
Joe Simpson,Left Handed, 75, 175, 0.242, 9
Bill Fahey,Left Handed, 72, 200, 0.241, 7
Doug Camilli,Right Handed, 71, 195, 0.199, 18
Bernie Allen,Left Handed, 72, 175, 0.239, 73
Bruce Bochy,Right Handed, 75, 205, 0.239, 26
Gary Ignasiak,Right Handed, 71, 185, 0.0, 0
Claudell Washington,Left Handed, 72, 190, 0.278, 164
John Donaldson,Left Handed, 71, 160, 0.238, 4
Mike Smithson,Left Handed, 80, 215, 0.0, 0
John Mayberry,Left Handed, 75, 215, 0.253, 255
Ken Reitz,Right Handed, 72, 180, 0.260, 68
Amos Otis,Right Handed, 71, 165, 0.277, 193
Gene Alley,Right Handed, 70, 160, 0.254, 55
Ted Sizemore,Right Handed, 70, 165, 0.262, 23
Dan Briggs,Left Handed, 72, 180, 0.195, 12
Joe Skalski,Right Handed, 75, 190, 0.0, 0
Doug Flynn,Right Handed, 71, 165, 0.238, 7
Bert Bradley,Both Handed, 73, 190, 0.0, 0
Ken Holtzman,Right Handed, 74, 175, 0.163, 2
Pete Ward,Left Handed, 73, 185, 0.254, 98
Kevin Bell,Right Handed, 72, 195, 0.222, 13
Tom Nieto,Right Handed, 73, 193, 0.205, 5
Duke Sims,Left Handed, 74, 197, 0.239, 100
Larvell Blanks,Right Handed, 68, 167, 0.253, 20
Francisco Barrios,Right Handed, 71, 155, 0.0, 0
Mike Davis,Left Handed, 74, 175, 0.259, 91
Jerry Reuss,Left Handed, 77, 200, 0.167, 1
Steve Yeager,Right Handed, 72, 190, 0.228, 102
Danny Goodwin,Left Handed, 73, 195, 0.236, 13
Bud Harrelson,Both Handed, 71, 160, 0.236, 7
Bob Knepper,Left Handed, 75, 195, 0.137, 6
Mickey Rivers,Left Handed, 70, 165, 0.295, 61
Jim Northrup,Left Handed, 75, 190, 0.267, 153
John Hale,Left Handed, 74, 195, 0.201, 14
Reggie Ritter,Left Handed, 74, 195, 0.0, 0
Pedro Garcia,Right Handed, 70, 175, 0.220, 37
Carl Yastrzemski,Left Handed, 71, 175, 0.285, 452
Bob Babcock,Right Handed, 77, 210, 0.0, 0
Craig Eaton,Right Handed, 71, 175, 0.0, 0
Derrel Thomas,Both Handed, 72, 160, 0.249, 43
Art Howe,Right Handed, 74, 190, 0.260, 43
Ike Brown,Right Handed, 72, 190, 0.256, 20
Howie Goss,Right Handed, 76, 204, 0.216, 11
Glenn Borgmann,Right Handed, 76, 210, 0.229, 16
Lamar Johnson,Right Handed, 74, 215, 0.287, 64
Julio Gonzalez,Right Handed, 71, 162, 0.235, 4
Bobby Klaus,Right Handed, 70, 170, 0.208, 6
Manny Sanguillen,Right Handed, 72, 193, 0.296, 65
Gates Brown,Left Handed, 71, 220, 0.257, 84
Johnny Ray,Both Handed, 71, 170, 0.290, 53
Jesus Alou,Right Handed, 74, 190, 0.280, 32
Ken Landreaux,Left Handed, 70, 165, 0.268, 91
Enos Cabell,Right Handed, 76, 170, 0.277, 60
Roy Branch,Right Handed, 72, 175, 0.0, 0
Billy North,Both Handed, 71, 185, 0.261, 20
Juan Beniquez,Right Handed, 71, 150, 0.274, 79
Frank Fernandez,Right Handed, 72, 185, 0.199, 39
Bombo Rivera,Right Handed, 70, 187, 0.265, 10
Steve Brye,Right Handed, 72, 190, 0.258, 30
Ron Jackson,Right Handed, 72, 200, 0.259, 56
Roger Metzger,Both Handed, 72, 165, 0.231, 5
Rufino Linares,Right Handed, 72, 170, 0.270, 11
Ray Webster,Left Handed, 72, 185, 0.244, 17
Bob Kearney,Right Handed, 72, 190, 0.233, 27
Fergie Jenkins,Right Handed, 77, 205, 0.165, 13
Dick Dietz,Right Handed, 73, 195, 0.261, 66
Ted Cox,Right Handed, 75, 195, 0.245, 10
Bobby Mitchell,Left Handed, 70, 170, 0.243, 3
Bobby Mitchell,Right Handed, 75, 185, 0.235, 21
Barry Evans,Right Handed, 73, 180, 0.251, 2
Mickey Brantley,Right Handed, 70, 180, 0.259, 32
Al Gallagher,Right Handed, 72, 180, 0.263, 11
Rob Woodward,Right Handed, 75, 185, 0.0, 0
Hector Cruz,Right Handed, 71, 170, 0.225, 39
Fred Norman,Both Handed, 68, 155, 0.125, 0
Woody Woodward,Right Handed, 74, 180, 0.236, 1
Ted Martinez,Right Handed, 72, 165, 0.240, 7
Jim Anderson,Right Handed, 72, 170, 0.218, 13
Lenn Sakata,Right Handed, 69, 160, 0.230, 25
Dave Duncan,Right Handed, 74, 190, 0.214, 109
Randy Jones,Right Handed, 72, 178, 0.132, 0
Dick Billings,Right Handed, 73, 195, 0.227, 16
Bob Veselic,Right Handed, 72, 175, 0.0, 0
Bruce Bochte,Left Handed, 75, 195, 0.282, 100
Bernie Carbo,Left Handed, 71, 173, 0.264, 96
Vic Davalillo,Left Handed, 67, 150, 0.279, 36
Burt Hooton,Right Handed, 73, 210, 0.123, 4
Chuck Hockenbery,Both Handed, 73, 195, 0.0, 0
Bob Ferris,Right Handed, 78, 225, 0.0, 0
Fernando Gonzalez,Right Handed, 70, 165, 0.235, 17
Jim Sundberg,Right Handed, 72, 190, 0.248, 95
Andy Kosco,Right Handed, 75, 205, 0.236, 73
Steve Huntz,Both Handed, 73, 204, 0.206, 16
Gary Wheelock,Right Handed, 75, 205, 0.0, 0
Lenny Faedo,Right Handed, 72, 170, 0.251, 5
John Lowenstein,Left Handed, 72, 175, 0.253, 116
Don Kessinger,Both Handed, 73, 170, 0.252, 14
Joe Hague,Left Handed, 72, 195, 0.239, 40
Bake McBride,Left Handed, 74, 190, 0.299, 63
Dick Davis,Right Handed, 75, 190, 0.265, 27
Richie Scheinblum,Both Handed, 73, 180, 0.263, 13
Ed Herrmann,Left Handed, 73, 195, 0.240, 80
Mike Rochford,Left Handed, 76, 205, 0.0, 0
Jeff Schneider,Both Handed, 75, 195, 0.0, 0
Bob Molinaro,Left Handed, 72, 190, 0.264, 14
Mike Hegan,Left Handed, 73, 188, 0.242, 53
Mike Diaz,Right Handed, 74, 195, 0.247, 31
Tim Foli,Right Handed, 72, 179, 0.251, 25
Alan Knicely,Right Handed, 72, 190, 0.213, 12
Tim Laudner,Right Handed, 75, 212, 0.225, 77
Jose Morales,Right Handed, 71, 187, 0.287, 26
Luis Encarnacion,Right Handed, 70, 178, 0.0, 0
Rick Kreuger,Right Handed, 74, 185, 0.0, 0
Juan Marichal,Right Handed, 72, 185, 0.165, 4
Vida Blue,Both Handed, 72, 189, 0.104, 4
Angel Moreno,Left Handed, 69, 165, 0.0, 0
Roger Weaver,Right Handed, 75, 190, 0.0, 0
Stan Papi,Right Handed, 72, 170, 0.218, 7
Rob Wilfong,Left Handed, 73, 180, 0.248, 39
Chris Knapp,Right Handed, 77, 195, 0.0, 0
Steve Henderson,Right Handed, 74, 190, 0.280, 68
Rob Picciolo,Right Handed, 74, 185, 0.234, 17
Don Welchel,Right Handed, 76, 205, 0.0, 0
Randy Wiles,Left Handed, 73, 185, 0.0, 0
Roberto Pena,Right Handed, 68, 170, 0.245, 13
Bob Dernier,Right Handed, 72, 160, 0.255, 23
Bill Melton,Right Handed, 74, 200, 0.253, 160
Albert Hall,Both Handed, 71, 155, 0.251, 5
Barbaro Garbey,Right Handed, 70, 170, 0.267, 11
John Milner,Left Handed, 72, 185, 0.249, 131
Rich Reese,Left Handed, 75, 185, 0.253, 52
Chris Bando,Both Handed, 72, 195, 0.227, 27
Bill Buckner,Left Handed, 72, 185, 0.289, 174
Jack Hiatt,Right Handed, 74, 190, 0.251, 22
Nelson Mathews,Right Handed, 76, 195, 0.223, 22
Larry Lintz,Both Handed, 69, 150, 0.227, 0
Ron Theobald,Right Handed, 68, 165, 0.248, 2
Dewey Robinson,Right Handed, 72, 180, 0.0, 0
Rafael Santana,Right Handed, 73, 165, 0.246, 13
Jerry Hairston,Both Handed, 70, 170, 0.258, 30
Tony Arnold,Right Handed, 71, 170, 0.0, 0
Jeff Schattinger,Left Handed, 77, 200, 0.0, 0
Ike Brookens,Right Handed, 77, 170, 0.0, 0
Tommie Aaron,Right Handed, 75, 190, 0.229, 13
Steve Dillard,Right Handed, 73, 180, 0.243, 13
Win Remmerswaal,Right Handed, 74, 160, 0.0, 0
Jeff Peterek,Right Handed, 74, 195, 0.0, 0
George Scott,Right Handed, 74, 200, 0.268, 271
Jeff Shaver,Right Handed, 75, 195, 0.0, 0
Ken Walters,Right Handed, 73, 180, 0.231, 11
Gorman Thomas,Right Handed, 74, 210, 0.225, 268
Paul Dade,Right Handed, 73, 185, 0.270, 10
Darrell Porter,Left Handed, 72, 193, 0.247, 188
Tim Johnson,Left Handed, 73, 170, 0.223, 0
Fred Stanley,Right Handed, 70, 165, 0.216, 10
Larry Bowa,Both Handed, 70, 155, 0.260, 15
Tim Corcoran,Left Handed, 71, 175, 0.270, 12
Jim Spencer,Left Handed, 74, 195, 0.250, 146
Pete LaCock,Left Handed, 74, 200, 0.257, 27
Carl Morton,Right Handed, 72, 200, 0.156, 7
Gary Gray,Right Handed, 72, 187, 0.240, 24
Matty Alou,Left Handed, 69, 160, 0.307, 31
Pete Filson,Both Handed, 74, 195, 0.0, 0
Jim Dwyer,Left Handed, 70, 165, 0.260, 77
Dalton Jones,Left Handed, 73, 180, 0.235, 41
Rennie Stennett,Right Handed, 71, 160, 0.274, 41
Jim Gideon,Right Handed, 75, 190, 0.0, 0
Jerry May,Right Handed, 74, 190, 0.234, 15
Rich McKinney,Right Handed, 71, 185, 0.225, 20
Clint Hurdle,Left Handed, 75, 195, 0.259, 32
Mike Andrews,Right Handed, 75, 195, 0.258, 66
Bobby Clark,Right Handed, 72, 190, 0.239, 19
Jeff Twitty,Left Handed, 74, 185, 0.0, 0
Cliff Johnson,Right Handed, 76, 215, 0.258, 196
Steve Cummings,Both Handed, 74, 200, 0.0, 0
Donn Clendenon,Right Handed, 76, 209, 0.274, 159
Charlie James,Right Handed, 73, 195, 0.255, 29
Bob Horner,Right Handed, 73, 195, 0.277, 218
Tom Veryzer,Right Handed, 73, 175, 0.241, 14
Jose Cecena,Right Handed, 71, 180, 0.0, 0
George Smith,Right Handed, 70, 170, 0.205, 9
Jim Essian,Right Handed, 74, 195, 0.244, 33
Onix Concepcion,Right Handed, 66, 160, 0.239, 3
Boots Day,Left Handed, 69, 160, 0.256, 8
Brian Giles,Right Handed, 73, 165, 0.228, 10
Garry Maddox,Right Handed, 75, 175, 0.285, 117
Alex Trevino,Right Handed, 70, 165, 0.249, 23
Jim Price,Right Handed, 72, 192, 0.214, 18
Felix Millan,Right Handed, 71, 172, 0.279, 22
Steve Garvey,Right Handed, 70, 192, 0.294, 272
Don Mincher,Left Handed, 75, 205, 0.249, 200
Greg Erardi,Right Handed, 73, 190, 0.0, 0
Jim Farr,Right Handed, 73, 195, 0.0, 0
Tony Cloninger,Right Handed, 72, 210, 0.192, 11
Jim Gosger,Left Handed, 71, 185, 0.226, 30
Chuck Harrison,Right Handed, 70, 185, 0.238, 17
Mike Ivie,Right Handed, 75, 205, 0.269, 81
Frank Dimichele,Right Handed, 75, 205, 0.0, 0
Bob Veale,Both Handed, 78, 212, 0.114, 0
Marvell Wynne,Left Handed, 71, 175, 0.247, 40
Dusty Baker,Right Handed, 74, 183, 0.278, 242
Tucker Ashford,Right Handed, 73, 195, 0.218, 6
Ned Yost,Right Handed, 73, 190, 0.212, 16
Bob Stinson,Both Handed, 71, 180, 0.250, 33
Mike Warren,Right Handed, 73, 175, 0.0, 0
Gaylord Perry,Right Handed, 76, 205, 0.131, 6
Dave Marshall,Left Handed, 73, 182, 0.246, 16
Mickey Hatcher,Right Handed, 74, 200, 0.280, 38
Roger Repoz,Left Handed, 75, 190, 0.224, 82
Bill Fulton,Right Handed, 75, 195, 0.0, 0
John Orsino,Right Handed, 75, 215, 0.249, 40
Larry Anderson,Right Handed, 75, 190, 0.0, 0
Johnny Briggs,Left Handed, 73, 190, 0.253, 139
Craig Mitchell,Right Handed, 75, 180, 0.0, 0
Dave Hostetler,Right Handed, 76, 215, 0.229, 37
Bob Jones,Left Handed, 74, 195, 0.221, 20
Keith Hernandez,Left Handed, 72, 180, 0.296, 162
Alfredo Martinez,Right Handed, 75, 185, 0.0, 0
Dean Chance,Right Handed, 75, 200, 0.066, 0
Willie Upshaw,Left Handed, 72, 185, 0.262, 123
Dick Green,Right Handed, 70, 180, 0.240, 80
Dane Iorg,Left Handed, 72, 180, 0.276, 14
Richie Hebner,Left Handed, 73, 195, 0.276, 203
Fran Healy,Right Handed, 77, 220, 0.250, 20
Doc Edwards,Right Handed, 74, 215, 0.238, 15
Sandy Alomar,Both Handed, 69, 140, 0.245, 13
Joe Strain,Right Handed, 70, 169, 0.250, 1
Gene Richards,Left Handed, 72, 175, 0.290, 26
Buddy Bell,Right Handed, 73, 180, 0.279, 201
Al Woods,Left Handed, 75, 190, 0.271, 35
Rudy Law,Left Handed, 73, 165, 0.271, 18
Joel Davis,Left Handed, 77, 205, 0.0, 0
Jody Davis,Right Handed, 76, 192, 0.245, 127
Mike Edwards,Right Handed, 70, 154, 0.250, 2
Bill Mooneyham,Right Handed, 72, 175, 0.0, 0
John Hobbs,Right Handed, 75, 190, 0.0, 0
Deron Johnson,Right Handed, 74, 200, 0.244, 245
John Denny,Right Handed, 75, 185, 0.170, 0
Don Wert,Right Handed, 70, 162, 0.242, 77
Mike Fiore,Left Handed, 72, 175, 0.227, 13
Miguel Dilone,Both Handed, 72, 160, 0.265, 6
Greg Luzinski,Right Handed, 73, 220, 0.276, 307
Bobby Tolan,Left Handed, 71, 170, 0.265, 86
Karl Best,Right Handed, 76, 190, 0.0, 0
Steve Barr,Left Handed, 76, 200, 0.0, 0
Ron Woods,Right Handed, 70, 168, 0.233, 26
Tony Horton,Right Handed, 75, 210, 0.268, 76
Randy Hundley,Right Handed, 71, 170, 0.236, 82
Jose Tartabull,Left Handed, 71, 165, 0.261, 2
Ben Oglivie,Left Handed, 74, 160, 0.273, 235
Luis Sanchez,Right Handed, 74, 170, 0.0, 0
Bob Johnson,Right Handed, 70, 175, 0.272, 44
Don Buford,Both Handed, 67, 160, 0.264, 93
Duane Kuiper,Left Handed, 72, 175, 0.271, 1
Brant Alyea,Right Handed, 75, 215, 0.247, 38
Jerry Narron,Left Handed, 75, 205, 0.211, 21
Lou Johnson,Right Handed, 71, 170, 0.258, 48
Ken Retzer,Left Handed, 72, 185, 0.264, 14
Mike Brown,Right Handed, 74, 195, 0.265, 23
Mike Brown,Right Handed, 74, 195, 0.0, 0
Greg Walker,Left Handed, 75, 205, 0.260, 113
Terry Harper,Right Handed, 76, 195, 0.253, 36
Jerry Royster,Right Handed, 72, 165, 0.249, 40
Steve Davis,Left Handed, 73, 195, 0.0, 0
Jeff Rineer,Left Handed, 76, 205, 0.0, 0
Barry Bonnell,Right Handed, 75, 190, 0.272, 56
Tom Seaver,Right Handed, 73, 195, 0.154, 12
Jerry Martin,Right Handed, 73, 195, 0.251, 85
Bill Stein,Right Handed, 70, 170, 0.267, 44
Joel Youngblood,Right Handed, 72, 180, 0.265, 80
Reggie Jackson,Left Handed, 72, 195, 0.262, 563
Sonny Jackson,Left Handed, 69, 150, 0.251, 7
Mark Mercer,Left Handed, 77, 220, 0.0, 0
Rodney Scott,Both Handed, 72, 160, 0.236, 3
Rich Coggins,Left Handed, 68, 170, 0.265, 12
Phil Gagliano,Right Handed, 73, 180, 0.238, 14
Jerry McNertney,Right Handed, 72, 180, 0.237, 27
Mitchell Page,Left Handed, 74, 205, 0.266, 72
Kiko Garcia,Right Handed, 71, 180, 0.239, 12
Larry Milbourne,Both Handed, 72, 161, 0.254, 11
Bill Sudakis,Both Handed, 73, 190, 0.234, 59
John Caneira,Right Handed, 75, 180, 0.0, 0
Domingo Ramos,Right Handed, 70, 154, 0.240, 8
Ron Oester,Both Handed, 74, 185, 0.265, 42
Glenn Adams,Left Handed, 73, 180, 0.280, 34
Clint Zavaras,Right Handed, 73, 175, 0.0, 0
Joe Morgan,Left Handed, 67, 160, 0.271, 268
R.J. Reynolds,Both Handed, 72, 190, 0.267, 35
Mike Parrott,Right Handed, 76, 210, 0.0, 0
Lee Thomas,Left Handed, 74, 195, 0.255, 106
Ray Fosse,Right Handed, 74, 215, 0.256, 61
Paul Popovich,Both Handed, 72, 175, 0.233, 14
John Stephenson,Left Handed, 71, 180, 0.216, 12
Doug Clemens,Left Handed, 72, 180, 0.229, 12
Luis Aponte,Right Handed, 72, 185, 0.0, 0
Orlando Mercado,Right Handed, 72, 180, 0.199, 7
Charley Smith,Right Handed, 73, 170, 0.239, 69
Paul Boris,Right Handed, 74, 200, 0.0, 0
Buddy Biancalana,Both Handed, 71, 160, 0.205, 6
De Wayne Buice,Right Handed, 72, 170, 0.0, 0
Bob Uecker,Right Handed, 73, 190, 0.200, 14
Felix Torres,Right Handed, 71, 165, 0.254, 27
Steve Braun,Left Handed, 70, 180, 0.271, 52
Ray Knight,Right Handed, 73, 185, 0.271, 84
Ty Cline,Left Handed, 72, 170, 0.238, 6
Thad Bosley,Left Handed, 75, 175, 0.272, 20
Bobby Grich,Right Handed, 74, 180, 0.266, 224
Jimmie Hall,Left Handed, 72, 175, 0.254, 121
John Boccabella,Right Handed, 73, 195, 0.219, 26
Brock Davis,Left Handed, 70, 160, 0.260, 1
Mark Esser,Right Handed, 73, 190, 0.0, 0
Curt Blefary,Left Handed, 74, 195, 0.237, 112
Daryl Smith,Right Handed, 76, 185, 0.0, 0
Dave Smith,Right Handed, 73, 190, 0.0, 0
Mack Jones,Left Handed, 73, 180, 0.252, 133
Buddy Bradford,Right Handed, 71, 170, 0.226, 52
Hosken Powell,Left Handed, 73, 175, 0.259, 17
Dave Stapleton,Left Handed, 73, 185, 0.0, 0
Dave Stapleton,Right Handed, 73, 178, 0.271, 41
Gary Ward,Right Handed, 74, 195, 0.276, 130
Jim Lonborg,Right Handed, 77, 200, 0.136, 3
Joe Lis,Right Handed, 72, 175, 0.233, 32
Dan Meyer,Left Handed, 71, 180, 0.253, 86
Jim Holt,Left Handed, 72, 180, 0.265, 19
Tom Klawitter,Right Handed, 74, 190, 0.0, 0
Larry Herndon,Right Handed, 75, 190, 0.274, 107
Gary Christenson,Left Handed, 77, 200, 0.0, 0
Jim Wright,Right Handed, 77, 205, 0.0, 0
Jim Wright,Right Handed, 73, 165, 0.0, 0
Wallace Johnson,Both Handed, 72, 173, 0.255, 5
Mike Kinnunen,Left Handed, 73, 185, 0.0, 0
Eddie Leon,Right Handed, 72, 170, 0.236, 24
Dave Rajsich,Left Handed, 77, 175, 0.0, 0
Jim Wohlford,Right Handed, 71, 175, 0.260, 21
J.R. Richard,Right Handed, 80, 222, 0.168, 10
Bill Voss,Left Handed, 74, 160, 0.227, 19
Keith Moreland,Right Handed, 72, 190, 0.279, 121
Ramon Pena,Right Handed, 70, 155, 0.0, 0
Alex Johnson,Right Handed, 72, 205, 0.288, 78
Wayne Krenchicki,Left Handed, 73, 180, 0.266, 15
Chico Escarrega,Right Handed, 71, 185, 0.0, 0
Dave Rosello,Right Handed, 71, 160, 0.236, 10
Cardell Camper,Right Handed, 75, 208, 0.0, 0
Paul Schaal,Right Handed, 71, 165, 0.244, 57
Tito Landrum,Right Handed, 71, 175, 0.249, 13
Dave Edwards,Right Handed, 72, 170, 0.237, 14
Mario Guerrero,Right Handed, 70, 155, 0.257, 7
Tom Tresh,Both Handed, 73, 180, 0.245, 153
Mike Overy,Right Handed, 74, 190, 0.0, 0
Ron Roenicke,Both Handed, 72, 180, 0.238, 17
Doug Griffin,Right Handed, 72, 160, 0.245, 7
Steve Blass,Right Handed, 72, 165, 0.172, 1
Johnnie LeMaster,Right Handed, 74, 165, 0.222, 22
Craig Chamberlain,Right Handed, 73, 190, 0.0, 0
Nate Oliver,Right Handed, 70, 160, 0.226, 2
Ray Sadecki,Left Handed, 71, 180, 0.191, 5
Ken Rudolph,Right Handed, 73, 180, 0.213, 6
Wayne Nordhagen,Right Handed, 74, 205, 0.282, 39
Biff Pocoroba,Both Handed, 70, 175, 0.257, 21
Len Matuszek,Left Handed, 74, 190, 0.234, 30
Frank Eufemia,Right Handed, 71, 185, 0.0, 0
Joe Lefebvre,Left Handed, 70, 170, 0.258, 31
Jim Maloney,Left Handed, 74, 190, 0.201, 7
Andre Robertson,Right Handed, 70, 155, 0.251, 5
Jerry Zimmerman,Right Handed, 74, 185, 0.204, 3
Jack Lazorko,Right Handed, 71, 200, 0.0, 0
Mike Paxton,Right Handed, 71, 190, 0.0, 0
Chet Lemon,Right Handed, 72, 190, 0.273, 215
Rickey Keeton,Right Handed, 74, 190, 0.0, 0
Phil Mankowski,Left Handed, 72, 180, 0.264, 8
Cleon Jones,Right Handed, 72, 185, 0.281, 93
Joaquin Andujar,Both Handed, 72, 170, 0.127, 5
Mike Lum,Left Handed, 72, 180, 0.247, 90
Johnny Grubb,Left Handed, 75, 175, 0.278, 99
Curt Motton,Right Handed, 68, 164, 0.213, 25
Johnny Bench,Right Handed, 73, 197, 0.267, 389
Dale Berra,Right Handed, 72, 180, 0.236, 49
Terry Felton,Right Handed, 73, 180, 0.0, 0
Bob Meacham,Both Handed, 73, 175, 0.236, 8
Mark Clear,Right Handed, 76, 200, 0.0, 0
Carl Warwick,Right Handed, 70, 170, 0.248, 31
Sam Bowens,Right Handed, 73, 188, 0.223, 45
George Wright,Both Handed, 71, 180, 0.245, 42
Luis Aguayo,Right Handed, 69, 173, 0.236, 37
Hal Lanier,Right Handed, 74, 180, 0.228, 8
Mike Pazik,Left Handed, 74, 195, 0.0, 0
Len Randle,Both Handed, 70, 169, 0.257, 27
Greg Pryor,Right Handed, 72, 180, 0.250, 14
Jim Traber,Left Handed, 72, 194, 0.227, 27
Dave Nelson,Right Handed, 70, 160, 0.244, 20
Lynn Jones,Right Handed, 69, 175, 0.252, 7
Bryan Little,Both Handed, 70, 160, 0.245, 3
Ken Suarez,Right Handed, 69, 175, 0.227, 5
Rick Peters,Both Handed, 69, 170, 0.277, 2
Ron Stone,Left Handed, 74, 185, 0.241, 6
Rich Barnes,Right Handed, 76, 186, 0.0, 0
Tommie Agee,Right Handed, 71, 195, 0.255, 130
Bob Bailey,Right Handed, 73, 180, 0.257, 189
Cap Peterson,Right Handed, 74, 195, 0.230, 19
Ted Uhlaender,Left Handed, 74, 190, 0.263, 36
Ted Simmons,Both Handed, 71, 193, 0.285, 248
Bobby Murcer,Left Handed, 71, 160, 0.277, 252
Dick Tracewski,Right Handed, 71, 160, 0.213, 8
Dave Frost,Right Handed, 78, 235, 0.0, 0
Mark Souza,Left Handed, 72, 180, 0.0, 0
Bill Nahorodny,Right Handed, 74, 200, 0.241, 25
Bill Madlock,Right Handed, 71, 180, 0.305, 163
Bob Boone,Right Handed, 74, 195, 0.254, 105
Rick Jones,Left Handed, 77, 190, 0.0, 0
Steve Kemp,Left Handed, 72, 195, 0.278, 130
Rick Burleson,Right Handed, 70, 165, 0.273, 50
Jim Dorsey,Right Handed, 79, 190, 0.0, 0
Mark Ciardi,Right Handed, 72, 180, 0.0, 0
Dennis Burtt,Right Handed, 72, 180, 0.0, 0
Carl Taylor,Right Handed, 74, 200, 0.266, 10
Terry Harmon,Right Handed, 74, 180, 0.233, 4
Mike Hargrove,Left Handed, 72, 195, 0.290, 80
Rich Yett,Right Handed, 74, 187, 0.0, 0
Steve Hovley,Left Handed, 70, 188, 0.258, 8
Don Leppert,Right Handed, 74, 220, 0.229, 15
Matt Williams,Right Handed, 73, 200, 0.0, 0
Jim Burton,Right Handed, 75, 195, 0.0, 0
Rick Anderson,Right Handed, 74, 210, 0.0, 0
Charlie Mitchell,Right Handed, 75, 170, 0.0, 0
Bill Paschall,Right Handed, 72, 175, 0.0, 0
John Bohnet,Both Handed, 72, 175, 0.0, 0
Byron McLaughlin,Right Handed, 73, 175, 0.0, 0
Lee May,Right Handed, 75, 195, 0.267, 354
Luis Quintana,Left Handed, 74, 175, 0.0, 0
Sam McDowell,Left Handed, 77, 190, 0.154, 2
Rick Renick,Right Handed, 72, 188, 0.221, 20
Jeff Torborg,Right Handed, 72, 195, 0.214, 8
Dave Campbell,Right Handed, 73, 180, 0.213, 20
Pat Kelly,Left Handed, 73, 185, 0.264, 76
Al Weis,Both Handed, 72, 160, 0.219, 7
Jerry Turner,Left Handed, 69, 180, 0.257, 45
Rick Auerbach,Right Handed, 72, 165, 0.220, 9
Keith Macwhorter,Right Handed, 76, 190, 0.0, 0
Don Wilson,Right Handed, 74, 195, 0.146, 1
Jaime Cocanower,Right Handed, 76, 200, 0.0, 0
Jeff Sellers,Right Handed, 73, 175, 0.0, 0
Sandy Valdespino,Left Handed, 68, 170, 0.230, 7
Steve Senteney,Right Handed, 74, 205, 0.0, 0
Howard Bailey,Right Handed, 72, 195, 0.0, 0
Jeff Bettendorf,Right Handed, 75, 180, 0.0, 0
Ken Phelps,Left Handed, 73, 209, 0.239, 123
Cesar Cedeno,Right Handed, 74, 175, 0.285, 199
Bob Davidson,Right Handed, 72, 185, 0.0, 0
Phil Linz,Right Handed, 73, 180, 0.235, 11
Manny Mota,Right Handed, 70, 160, 0.304, 31
Brian Snyder,Left Handed, 75, 185, 0.0, 0
Steve Renko,Right Handed, 77, 230, 0.215, 6
Rick Sofield,Left Handed, 73, 195, 0.243, 9
Carlos Velazquez,Right Handed, 71, 180, 0.0, 0
Roger Miller,Right Handed, 75, 200, 0.0, 0
Doug DeCinces,Right Handed, 74, 190, 0.259, 237
John Castino,Right Handed, 71, 175, 0.278, 41
Dave May,Left Handed, 70, 186, 0.251, 96
Ron Washington,Right Handed, 71, 155, 0.261, 20
Billy Grabarkewitz,Right Handed, 70, 165, 0.236, 28
Willie Aikens,Left Handed, 75, 220, 0.271, 110
Earl Williams,Right Handed, 75, 215, 0.247, 138
Willie Mueller,Right Handed, 76, 220, 0.0, 0
John Flinn,Right Handed, 72, 175, 0.0, 0
Don Hahn,Right Handed, 73, 180, 0.236, 7
Todd Cruz,Right Handed, 72, 175, 0.220, 34
Tom Egan,Right Handed, 76, 218, 0.200, 22
Bob Heise,Right Handed, 72, 175, 0.247, 1
Tommy Harper,Right Handed, 69, 165, 0.257, 146
Joe Wallis,Both Handed, 71, 180, 0.244, 16
Max Alvis,Right Handed, 71, 185, 0.247, 111
Rico Carty,Right Handed, 75, 200, 0.299, 204
Mike Cubbage,Left Handed, 72, 180, 0.258, 34
Les Straker,Right Handed, 73, 193, 0.0, 0
Merritt Ranew,Left Handed, 71, 170, 0.247, 8
Lyman Bostock,Left Handed, 73, 180, 0.311, 23
Damaso Garcia,Right Handed, 73, 165, 0.283, 36
Don Kainer,Right Handed, 75, 205, 0.0, 0
Don Gordon,Right Handed, 73, 175, 0.0, 0
Roy Howell,Left Handed, 73, 190, 0.261, 80
Boog Powell,Left Handed, 76, 230, 0.266, 339
Sandy Wihtol,Right Handed, 73, 195, 0.0, 0
Sonny Siebert,Right Handed, 75, 190, 0.173, 12
Jeff Richardson,Right Handed, 75, 185, 0.0, 0
Bobby Darwin,Right Handed, 74, 190, 0.251, 83
Dennis DeBarr,Left Handed, 74, 190, 0.0, 0
Dan Driessen,Left Handed, 71, 187, 0.267, 153
Bruce Miller,Right Handed, 73, 185, 0.246, 1
Bob Bailor,Right Handed, 71, 170, 0.264, 9
Tommy Helms,Right Handed, 70, 165, 0.269, 34
Tony Armas,Right Handed, 71, 182, 0.252, 251
Willie Horton,Right Handed, 71, 209, 0.273, 325
Lou Piniella,Right Handed, 72, 182, 0.291, 102
Butch Hobson,Right Handed, 73, 193, 0.248, 98
John Wathan,Right Handed, 74, 205, 0.262, 21
Hal King,Left Handed, 73, 200, 0.214, 24
Mike Krukow,Right Handed, 77, 205, 0.193, 5
Andres Mora,Right Handed, 72, 180, 0.223, 27
Barry Foote,Right Handed, 75, 205, 0.230, 57
Ed Ott,Left Handed, 70, 190, 0.259, 33
Alan Wiggins,Both Handed, 74, 160, 0.259, 5
Ron Clark,Right Handed, 70, 175, 0.189, 5
Jay Pettibone,Right Handed, 76, 182, 0.0, 0
Glen Cook,Right Handed, 71, 180, 0.0, 0
Julio Gotay,Right Handed, 72, 180, 0.260, 6
Gary Alexander,Right Handed, 74, 195, 0.230, 55
Andre Thornton,Right Handed, 75, 200, 0.254, 253
Bob Oliver,Right Handed, 75, 205, 0.256, 94
Bill Castro,Right Handed, 71, 170, 0.0, 0
Ed Hodge,Left Handed, 74, 192, 0.0, 0
Tom Buskey,Right Handed, 75, 200, 0.0, 0
Bruce Taylor,Right Handed, 72, 178, 0.0, 0
Stan Thomas,Right Handed, 74, 185, 0.0, 0
Bob Robertson,Right Handed, 73, 195, 0.242, 115
Larry Monroe,Right Handed, 76, 200, 0.0, 0
Roger Slagle,Right Handed, 75, 190, 0.0, 0
Ollie Brown,Right Handed, 74, 178, 0.265, 102
Jim Campbell,Left Handed, 71, 175, 0.0, 0
Frank Quilici,Right Handed, 73, 170, 0.214, 5
Curt Kaufman,Right Handed, 74, 175, 0.0, 0
Joe Pepitone,Left Handed, 74, 185, 0.258, 219
Steve Barber,Left Handed, 72, 195, 0.115, 5
De Wayne Vaughn,Right Handed, 71, 180, 0.0, 0
Norm Miller,Left Handed, 70, 185, 0.238, 24
Bob Galasso,Left Handed, 73, 205, 0.0, 0
Rich Wortham,Right Handed, 72, 185, 0.0, 0
Bob Chance,Left Handed, 74, 196, 0.261, 24
Julio Cruz,Both Handed, 69, 165, 0.237, 23
Bill Sample,Right Handed, 69, 175, 0.272, 46
Juan Nieves,Left Handed, 75, 175, 0.0, 0
Mike Bacsik,Right Handed, 74, 180, 0.0, 0
Craig Kusick,Right Handed, 75, 210, 0.235, 46
Rudy Meoli,Left Handed, 69, 165, 0.212, 2
Ruppert Jones,Left Handed, 70, 170, 0.250, 147
Glenn Hoffman,Right Handed, 73, 175, 0.242, 23
Russ Gibson,Right Handed, 73, 195, 0.228, 8
Phil Huffman,Right Handed, 74, 180, 0.0, 0
Terry Francona,Left Handed, 73, 190, 0.274, 16
John Bateman,Right Handed, 75, 210, 0.230, 81
Luis Pujols,Right Handed, 74, 175, 0.193, 6
Joe Gaines,Right Handed, 73, 190, 0.241, 21
Doug Rader,Right Handed, 74, 208, 0.251, 155
Mickey Stanley,Right Handed, 73, 185, 0.248, 117
Steve Brown,Right Handed, 77, 200, 0.0, 0
Rick Lysander,Right Handed, 74, 190, 0.0, 0
Phil Bradley,Right Handed, 72, 185, 0.286, 78
Winston Llenas,Right Handed, 70, 165, 0.230, 3
Charlie Moore,Right Handed, 71, 180, 0.261, 36
Ralph Garr,Left Handed, 71, 185, 0.306, 75
Tommy John,Right Handed, 75, 180, 0.157, 5
Bruce Benedict,Right Handed, 73, 175, 0.242, 18
John Ellis,Right Handed, 74, 225, 0.262, 69
Wes Parker,Both Handed, 73, 180, 0.267, 64
Mel Stottlemyre,Right Handed, 72, 190, 0.0, 0
David Green,Right Handed, 75, 170, 0.268, 31
Reid Nichols,Right Handed, 71, 165, 0.266, 22
Rick Reichardt,Right Handed, 75, 210, 0.261, 116
Luis Tiant,Right Handed, 72, 180, 0.164, 5
Alex Sanchez,Right Handed, 74, 185, 0.0, 0
Broderick Perkins,Left Handed, 70, 180, 0.271, 8
Leon Roberts,Right Handed, 75, 200, 0.267, 78
Ray Burris,Right Handed, 77, 200, 0.151, 1
Len Gabrielson,Left Handed, 76, 210, 0.253, 37
Johnny Edwards,Left Handed, 76, 220, 0.242, 81
Paul Wilmet,Right Handed, 71, 170, 0.0, 0
Tom Grieve,Right Handed, 74, 190, 0.249, 65
Bruce Ellingsen,Left Handed, 72, 180, 0.0, 0
Bob Forsch,Right Handed, 76, 200, 0.213, 12
Gorman Heimueller,Left Handed, 76, 195, 0.0, 0
Danny Cater,Right Handed, 72, 170, 0.276, 66
Bill Schroeder,Right Handed, 74, 200, 0.240, 61
Clay Dalrymple,Left Handed, 72, 190, 0.233, 55
Carlos May,Left Handed, 71, 200, 0.274, 90
Reggie Smith,Both Handed, 72, 180, 0.287, 314
Ron Reed,Right Handed, 78, 215, 0.158, 0
Fred Howard,Right Handed, 75, 190, 0.0, 0
Davey Johnson,Right Handed, 73, 170, 0.261, 136
Ellis Valentine,Right Handed, 76, 205, 0.278, 123
Roy White,Both Handed, 70, 160, 0.271, 160
Mike Brumley,Left Handed, 70, 195, 0.229, 5
Al Luplow,Left Handed, 70, 175, 0.235, 33
John Hoover,Right Handed, 74, 190, 0.0, 0
Dick Allen,Right Handed, 71, 187, 0.292, 351
Doug Ault,Right Handed, 75, 200, 0.236, 17
Mark Wagner,Right Handed, 72, 165, 0.243, 3
Mike Walters,Right Handed, 77, 203, 0.0, 0
Willie Stargell,Left Handed, 74, 188, 0.282, 475
Steve Carlton,Left Handed, 76, 210, 0.201, 13
Jake Wood,Right Handed, 73, 163, 0.250, 35
Del Unser,Left Handed, 73, 180, 0.258, 87
Bob Brower,Right Handed, 71, 185, 0.242, 17
Ray Culp,Right Handed, 72, 200, 0.123, 1
Ivan Murrell,Right Handed, 74, 195, 0.236, 33
Lee Mazzilli,Both Handed, 73, 180, 0.259, 93
Garth Iorg,Right Handed, 71, 170, 0.258, 20
Alan Ashby,Both Handed, 74, 185, 0.245, 90
Bob Brenly,Right Handed, 74, 210, 0.247, 91
Ron Blomberg,Left Handed, 73, 195, 0.293, 52
Jim Rooker,Right Handed, 72, 195, 0.201, 7
Tim Blackwell,Both Handed, 71, 170, 0.228, 6
Colby Ward,Right Handed, 74, 185, 0.0, 0
Jerry Morales,Right Handed, 70, 155, 0.259, 95
Davey Lopes,Right Handed, 69, 170, 0.263, 155
Catfish Hunter,Right Handed, 72, 190, 0.226, 6
Mario Soto,Right Handed, 72, 174, 0.132, 1
Jimmy Wynn,Right Handed, 70, 160, 0.250, 291
Hank Allen,Right Handed, 72, 190, 0.241, 6
Jim Fregosi,Right Handed, 73, 190, 0.265, 151
Pepe Frias,Right Handed, 70, 159, 0.240, 1
Mike Schmidt,Right Handed, 74, 195, 0.267, 548
Willie Montanez,Left Handed, 72, 170, 0.275, 139
Rey Quinones,Right Handed, 71, 160, 0.243, 29
Mike Squires,Left Handed, 71, 185, 0.260, 6
Champ Summers,Left Handed, 74, 205, 0.255, 54
Chuck Porter,Right Handed, 75, 187, 0.0, 0
Bert Campaneris,Right Handed, 70, 160, 0.259, 79
Bobby Valentine,Right Handed, 70, 189, 0.260, 12
Rob Andrews,Right Handed, 72, 185, 0.251, 3
Tom Haller,Left Handed, 76, 195, 0.257, 134
Tom Dozier,Right Handed, 74, 190, 0.0, 0
Ed Stroud,Left Handed, 71, 180, 0.237, 14
Ron Swoboda,Right Handed, 74, 195, 0.242, 73
Harry Spilman,Left Handed, 73, 180, 0.237, 18
Bob Barton,Right Handed, 72, 175, 0.226, 9
Daryl Sconiers,Left Handed, 74, 185, 0.265, 15
Joe Torre,Right Handed, 74, 212, 0.297, 252
Al Ferrara,Right Handed, 73, 200, 0.259, 51
Rick Steirer,Right Handed, 76, 200, 0.0, 0
Sixto Lezcano,Right Handed, 70, 165, 0.271, 148
Al Lachowicz,Right Handed, 75, 198, 0.0, 0
Dave Nicholson,Right Handed, 74, 215, 0.212, 61
Freddie Patek,Right Handed, 65, 148, 0.242, 41
Ken Hubbs,Right Handed, 74, 175, 0.247, 14
Pepe Mangual,Right Handed, 70, 157, 0.242, 16
Leron Lee,Left Handed, 72, 196, 0.250, 31
Tom McCarthy,Right Handed, 72, 180, 0.0, 0
Steve Ontiveros,Both Handed, 72, 185, 0.274, 24
Willie Davis,Left Handed, 74, 180, 0.279, 182
Tom Lawless,Right Handed, 71, 170, 0.207, 2
Jerry Moses,Right Handed, 75, 210, 0.251, 25
Bobby Bonds,Right Handed, 73, 190, 0.268, 332
Dave McNally,Right Handed, 71, 185, 0.133, 9
Darrell Brown,Both Handed, 72, 184, 0.274, 1
Roy Foster,Right Handed, 72, 185, 0.253, 45
Denis Menke,Right Handed, 72, 185, 0.250, 101
Hal Breeden,Right Handed, 74, 200, 0.243, 21
Manny Trillo,Right Handed, 73, 150, 0.263, 61
Jackie Gutierrez,Right Handed, 71, 175, 0.237, 4
Jerry Kenney,Left Handed, 73, 170, 0.237, 7
Fred Kendall,Right Handed, 73, 185, 0.234, 31
Mike Anderson,Right Handed, 74, 200, 0.246, 28
Jim Lewis,Right Handed, 75, 190, 0.0, 0
Joe Charboneau,Right Handed, 74, 205, 0.266, 29
Jimmie Schaffer,Right Handed, 69, 170, 0.223, 11
Junior Kennedy,Right Handed, 71, 175, 0.248, 4
Wilbur Howard,Both Handed, 74, 170, 0.250, 6
Rod Gilbreath,Right Handed, 74, 180, 0.248, 14
Mark Brouhard,Right Handed, 73, 210, 0.259, 25
Dan Morogiello,Left Handed, 73, 200, 0.0, 0
Mike Young,Both Handed, 74, 195, 0.247, 72
Chris Speier,Right Handed, 73, 175, 0.246, 112
Gene Michael,Both Handed, 74, 183, 0.229, 15
Vic Harris,Both Handed, 71, 165, 0.217, 13
Mike Fischlin,Right Handed, 73, 165, 0.220, 3
Don Money,Right Handed, 73, 170, 0.261, 176
Joe Rudi,Right Handed, 74, 200, 0.264, 179
Jim Rice,Right Handed, 74, 200, 0.298, 382
Shawn Holman,Right Handed, 74, 185, 0.0, 0
Alan Wirth,Right Handed, 76, 190, 0.0, 0
Gil Garrido,Right Handed, 69, 150, 0.237, 1
Marty Perez,Right Handed, 71, 160, 0.246, 22
Tom Matchick,Left Handed, 73, 173, 0.215, 4
Jack Perconte,Left Handed, 70, 160, 0.270, 2
Ed Kirkpatrick,Left Handed, 71, 195, 0.238, 85
Jerry Grote,Right Handed, 70, 185, 0.252, 39
Ellie Hendricks,Left Handed, 73, 175, 0.220, 62
Jim Beauchamp,Right Handed, 74, 190, 0.231, 14
Terry Wilshusen,Right Handed, 74, 210, 0.0, 0
Tito Fuentes,Both Handed, 71, 175, 0.268, 45
Ron Brand,Right Handed, 67, 167, 0.239, 3
Leo Cardenas,Right Handed, 71, 150, 0.257, 118
Art Shamsky,Left Handed, 73, 168, 0.253, 68
Steve Ellsworth,Right Handed, 80, 220, 0.0, 0
Ron Cey,Right Handed, 70, 185, 0.261, 316
Skip Jutze,Right Handed, 71, 190, 0.215, 3
Butch Wynegar,Both Handed, 73, 190, 0.255, 65
Ron LeFlore,Right Handed, 72, 200, 0.288, 59
Bill Russell,Right Handed, 72, 175, 0.263, 46
Gene Tenace,Right Handed, 72, 190, 0.241, 201
Bubba Morton,Right Handed, 70, 175, 0.267, 14
Ellie Rodriguez,Right Handed, 71, 185, 0.245, 16
Darrel Chaney,Both Handed, 74, 188, 0.217, 14
Dick Nen,Left Handed, 74, 200, 0.224, 21
Bryan Kelly,Right Handed, 74, 195, 0.0, 0
Bill Freehan,Right Handed, 75, 203, 0.262, 200
Steve Nicosia,Right Handed, 70, 185, 0.248, 11
Ted Savage,Right Handed, 73, 185, 0.233, 34
Pete Mackanin,Right Handed, 74, 190, 0.226, 30
Rich Dauer,Right Handed, 72, 180, 0.257, 43
Mick Kelleher,Right Handed, 69, 176, 0.213, 0
Rowland Office,Left Handed, 72, 170, 0.259, 32
Rick Leach,Left Handed, 73, 180, 0.268, 18
Dwayne Murphy,Left Handed, 73, 185, 0.246, 166
Larry Harlow,Left Handed, 74, 185, 0.248, 12
Mike Epstein,Left Handed, 75, 230, 0.244, 130
Jerry Mumphrey,Both Handed, 74, 185, 0.289, 70
Don Sutton,Right Handed, 73, 185, 0.144, 0
Glenn Beckert,Right Handed, 73, 190, 0.283, 22
Ron Davis,Right Handed, 72, 175, 0.233, 10
Mike Shannon,Right Handed, 75, 195, 0.255, 68
Jason Thompson,Left Handed, 76, 200, 0.261, 208
Wayne Tolleson,Both Handed, 69, 160, 0.241, 9
John Leister,Right Handed, 74, 200, 0.0, 0
Don Cooper,Right Handed, 73, 185, 0.0, 0
Mike Jorgensen,Left Handed, 72, 195, 0.243, 95
Ed Romero,Right Handed, 71, 160, 0.247, 8
Rick Joseph,Right Handed, 73, 192, 0.243, 13
Cecil Cooper,Left Handed, 74, 165, 0.298, 241
Bill Almon,Right Handed, 75, 180, 0.254, 36
Joe Ferguson,Right Handed, 74, 200, 0.240, 122
Jeff Jones,Right Handed, 75, 210, 0.0, 0
Jerry Terrell,Right Handed, 71, 165, 0.253, 4
John Poloni,Left Handed, 77, 210, 0.0, 0
Dave Revering,Left Handed, 76, 210, 0.265, 62
Curt Ford,Left Handed, 70, 150, 0.245, 7
Jerry Dybzinski,Right Handed, 74, 180, 0.234, 3
Mike Willis,Left Handed, 74, 205, 0.0, 0
Bob Burda,Left Handed, 71, 174, 0.224, 13
Jesse Gonder,Left Handed, 70, 180, 0.251, 26
Gary Sutherland,Right Handed, 72, 185, 0.243, 24
Bob Coluccio,Right Handed, 71, 183, 0.220, 26
Dave Rader,Left Handed, 71, 165, 0.257, 30
Ron Gardenhire,Right Handed, 72, 175, 0.232, 4
Bill Sharp,Left Handed, 70, 178, 0.255, 9
Alan Bannister,Right Handed, 71, 170, 0.270, 19
Bob Watson,Right Handed, 72, 201, 0.295, 184
Ken Harrelson,Right Handed, 74, 190, 0.239, 131
Bobby Wine,Right Handed, 73, 187, 0.215, 30
Stefan Wever,Right Handed, 80, 245, 0.0, 0
John Kennedy,Right Handed, 72, 185, 0.225, 32
Chico Ruiz,Both Handed, 72, 169, 0.240, 2
Dave Johnson,Right Handed, 73, 183, 0.0, 0
Gail Hopkins,Left Handed, 70, 198, 0.266, 25
Doug Frobel,Left Handed, 76, 196, 0.201, 20
Luis Melendez,Right Handed, 72, 165, 0.248, 9
Jerry Augustine,Left Handed, 72, 183, 0.0, 0
Bill Plummer,Right Handed, 73, 190, 0.188, 14
Buck Rodgers,Both Handed, 74, 190, 0.232, 31
Phil Niekro,Right Handed, 73, 180, 0.169, 7
Jeff Holly,Left Handed, 77, 210, 0.0, 0
Tom Poquette,Left Handed, 70, 175, 0.268, 10
Eric Hetzel,Right Handed, 75, 175, 0.0, 0
Brian Asselstine,Left Handed, 73, 175, 0.254, 12
Rick Miller,Left Handed, 72, 175, 0.269, 28
Ed Charles,Right Handed, 70, 170, 0.263, 86
Luis Gomez,Right Handed, 69, 150, 0.210, 0
Dave Lemanczyk,Right Handed, 76, 235, 0.0, 0
Al Jones,Right Handed, 76, 210, 0.0, 0
Floyd Rayford,Right Handed, 70, 190, 0.244, 38
Sam Hinds,Right Handed, 78, 215, 0.0, 0
Tony Conigliaro,Right Handed, 75, 185, 0.264, 166
Clay Christiansen,Right Handed, 77, 205, 0.0, 0
Jim Barr,Right Handed, 75, 205, 0.162, 1
Jerry Remy,Left Handed, 69, 165, 0.275, 7
Larry Rothschild,Left Handed, 74, 180, 0.0, 0
Frank Duffy,Right Handed, 73, 180, 0.232, 26
Gary Lance,Both Handed, 75, 195, 0.0, 0
Tom O'Malley,Left Handed, 72, 180, 0.256, 13
Phil Garner,Right Handed, 70, 175, 0.260, 109
Larry Pashnick,Right Handed, 75, 205, 0.0, 0
Todd Fischer,Right Handed, 70, 170, 0.0, 0
